{
    "$schema": "./_schema.json",
    
    "resources": 
    {
        "A": 
        {
            "initialValuesDataType": "FLOAT32",
            "initialValues": [-4,-3,-2,-1,0,1,2,3,4]
        }
    },

    "dispatchables": 
    {
        "clip": 
        {
            "type": "DML_OPERATOR_ELEMENT_WISE_CLIP",
            "desc": 
            {
                "InputTensor": { "DataType": "FLOAT32", "Sizes": [9] },
                "OutputTensor": { "DataType": "FLOAT32", "Sizes": [9] },
                "Min": -2.5,
                "Max": 2.5
            }
        }
    },

    "commands": 
    [
        {
            "type": "dispatch",
            "dispatchable": "clip",
            "bindings": 
            {
                "InputTensor": "A",
                "OutputTensor": "A"
            }
        },
        { "type": "print", "resource": "A" }
    ]
}