{
    "$schema": "./_schema.json",
    
    "resources": 
    {
        "A": { "initialValuesDataType": "FLOAT32", "initialValues": [1,2,3] },
        "B": { "initialValuesDataType": "FLOAT32", "initialValues": [4,5,6] },
        "C": { "initialValuesDataType": "FLOAT32", "initialValues": { "valueCount": 9, "value": 2 } },
        "output": { "initialValuesDataType": "FLOAT32", "initialValues": { "valueCount": 9, "value": 0 } }
    },

    "dispatchables": 
    {
        "gemm": 
        {
            "type": "DML_OPERATOR_GEMM",
            "desc": 
            {
                "ATensor": { "DataType": "FLOAT32", "Sizes": [3,1] },
                "BTensor": { "DataType": "FLOAT32", "Sizes": [1,3] },
                "CTensor": { "DataType": "FLOAT32", "Sizes": [3,3] },
                "OutputTensor": { "DataType": "FLOAT32", "Sizes": [3,3] },
                "TransA": "DML_MATRIX_TRANSFORM_NONE",
                "TransB": "DML_MATRIX_TRANSFORM_NONE",
                "Alpha": 1.0,
                "Beta": 1.0
            }
        }
    },

    "commands": 
    [
        {
            "type": "dispatch",
            "dispatchable": "gemm",
            "bindings": 
            {
                "ATensor": "A",
                "BTensor": "B",
                "CTensor": "C",
                "OutputTensor": "output"
            }
        },
        { "type": "print", "resource": "output" }
    ]
}